,z,face,StarmassType,name1,filename
0,2.220446e-16,http://virgodb.cosma.dur.ac.uk/eagle-webstorage/RefL0050N0752_Subhalo/galface_1262322.png,10539282000.0,galface_1262322.png,RefL0050N0752galface_1262322.png
1,2.220446e-16,http://virgodb.cosma.dur.ac.uk/eagle-webstorage/RefL0050N0752_Subhalo/galface_1342257.png,10863682000.0,galface_1342257.png,RefL0050N0752galface_1342257.png
2,2.220446e-16,http://virgodb.cosma.dur.ac.uk/eagle-webstorage/RefL0050N0752_Subhalo/galface_1573529.png,10440177000.0,galface_1573529.png,RefL0050N0752galface_1573529.png
3,2.220446e-16,http://virgodb.cosma.dur.ac.uk/eagle-webstorage/RefL0050N0752_Subhalo/galface_436444.png,10156819000.0,galface_436444.png,RefL0050N0752galface_436444.png
4,2.220446e-16,http://virgodb.cosma.dur.ac.uk/eagle-webstorage/RefL0050N0752_Subhalo/galface_1284990.png,10266412000.0,galface_1284990.png,RefL0050N0752galface_1284990.png
5,2.220446e-16,http://virgodb.cosma.dur.ac.uk/eagle-webstorage/RefL0050N0752_Subhalo/galface_547615.png,10237993000.0,galface_547615.png,RefL0050N0752galface_547615.png
6,2.220446e-16,http://virgodb.cosma.dur.ac.uk/eagle-webstorage/RefL0050N0752_Subhalo/galface_1545157.png,10483637000.0,galface_1545157.png,RefL0050N0752galface_1545157.png
7,2.220446e-16,http://virgodb.cosma.dur.ac.uk/eagle-webstorage/RefL0050N0752_Subhalo/galface_1087959.png,10696136000.0,galface_1087959.png,RefL0050N0752galface_1087959.png
8,2.220446e-16,http://virgodb.cosma.dur.ac.uk/eagle-webstorage/RefL0050N0752_Subhalo/galface_1554434.png,10575772000.0,galface_1554434.png,RefL0050N0752galface_1554434.png
9,2.220446e-16,http://virgodb.cosma.dur.ac.uk/eagle-webstorage/RefL0050N0752_Subhalo/galface_1508221.png,10518351000.0,galface_1508221.png,RefL0050N0752galface_1508221.png
10,2.220446e-16,http://virgodb.cosma.dur.ac.uk/eagle-webstorage/RefL0050N0752_Subhalo/galface_1524095.png,10489059000.0,galface_1524095.png,RefL0050N0752galface_1524095.png
11,2.220446e-16,http://virgodb.cosma.dur.ac.uk/eagle-webstorage/RefL0050N0752_Subhalo/galface_1166619.png,10504520000.0,galface_1166619.png,RefL0050N0752galface_1166619.png
12,2.220446e-16,http://virgodb.cosma.dur.ac.uk/eagle-webstorage/RefL0050N0752_Subhalo/galface_6520.png,10823526000.0,galface_6520.png,RefL0050N0752galface_6520.png
13,2.220446e-16,http://virgodb.cosma.dur.ac.uk/eagle-webstorage/RefL0050N0752_Subhalo/galface_1524816.png,11756424000.0,galface_1524816.png,RefL0050N0752galface_1524816.png
14,2.220446e-16,http://virgodb.cosma.dur.ac.uk/eagle-webstorage/RefL0050N0752_Subhalo/galface_1492806.png,11047639000.0,galface_1492806.png,RefL0050N0752galface_1492806.png
15,2.220446e-16,http://virgodb.cosma.dur.ac.uk/eagle-webstorage/RefL0050N0752_Subhalo/galface_1500716.png,11077191000.0,galface_1500716.png,RefL0050N0752galface_1500716.png
16,2.220446e-16,http://virgodb.cosma.dur.ac.uk/eagle-webstorage/RefL0050N0752_Subhalo/galface_1572034.png,11035729000.0,galface_1572034.png,RefL0050N0752galface_1572034.png
17,2.220446e-16,http://virgodb.cosma.dur.ac.uk/eagle-webstorage/RefL0050N0752_Subhalo/galface_1112713.png,10984367000.0,galface_1112713.png,RefL0050N0752galface_1112713.png
18,2.220446e-16,http://virgodb.cosma.dur.ac.uk/eagle-webstorage/RefL0050N0752_Subhalo/galface_1294098.png,10984752000.0,galface_1294098.png,RefL0050N0752galface_1294098.png
19,2.220446e-16,http://virgodb.cosma.dur.ac.uk/eagle-webstorage/RefL0050N0752_Subhalo/galface_126881.png,10915303000.0,galface_126881.png,RefL0050N0752galface_126881.png
20,2.220446e-16,http://virgodb.cosma.dur.ac.uk/eagle-webstorage/RefL0050N0752_Subhalo/galface_1539474.png,11196776000.0,galface_1539474.png,RefL0050N0752galface_1539474.png
21,2.220446e-16,http://virgodb.cosma.dur.ac.uk/eagle-webstorage/RefL0050N0752_Subhalo/galface_1296351.png,11634928000.0,galface_1296351.png,RefL0050N0752galface_1296351.png
22,2.220446e-16,http://virgodb.cosma.dur.ac.uk/eagle-webstorage/RefL0050N0752_Subhalo/galface_1523160.png,11306373000.0,galface_1523160.png,RefL0050N0752galface_1523160.png
23,2.220446e-16,http://virgodb.cosma.dur.ac.uk/eagle-webstorage/RefL0050N0752_Subhalo/galface_458269.png,11048955000.0,galface_458269.png,RefL0050N0752galface_458269.png
24,2.220446e-16,http://virgodb.cosma.dur.ac.uk/eagle-webstorage/RefL0050N0752_Subhalo/galface_1515902.png,11203535000.0,galface_1515902.png,RefL0050N0752galface_1515902.png
25,2.220446e-16,http://virgodb.cosma.dur.ac.uk/eagle-webstorage/RefL0050N0752_Subhalo/galface_1384904.png,11952426000.0,galface_1384904.png,RefL0050N0752galface_1384904.png
26,2.220446e-16,http://virgodb.cosma.dur.ac.uk/eagle-webstorage/RefL0050N0752_Subhalo/galface_1285418.png,12171352000.0,galface_1285418.png,RefL0050N0752galface_1285418.png
27,2.220446e-16,http://virgodb.cosma.dur.ac.uk/eagle-webstorage/RefL0050N0752_Subhalo/galface_1576122.png,11522705000.0,galface_1576122.png,RefL0050N0752galface_1576122.png
28,2.220446e-16,http://virgodb.cosma.dur.ac.uk/eagle-webstorage/RefL0050N0752_Subhalo/galface_1191646.png,11684044000.0,galface_1191646.png,RefL0050N0752galface_1191646.png
29,2.220446e-16,http://virgodb.cosma.dur.ac.uk/eagle-webstorage/RefL0050N0752_Subhalo/galface_526939.png,11288633000.0,galface_526939.png,RefL0050N0752galface_526939.png
30,2.220446e-16,http://virgodb.cosma.dur.ac.uk/eagle-webstorage/RefL0050N0752_Subhalo/galface_1510129.png,11641585000.0,galface_1510129.png,RefL0050N0752galface_1510129.png
31,2.220446e-16,http://virgodb.cosma.dur.ac.uk/eagle-webstorage/RefL0050N0752_Subhalo/galface_1479889.png,12478441000.0,galface_1479889.png,RefL0050N0752galface_1479889.png
32,2.220446e-16,http://virgodb.cosma.dur.ac.uk/eagle-webstorage/RefL0050N0752_Subhalo/galface_1572722.png,11599739000.0,galface_1572722.png,RefL0050N0752galface_1572722.png
33,2.220446e-16,http://virgodb.cosma.dur.ac.uk/eagle-webstorage/RefL0050N0752_Subhalo/galface_1477184.png,11925123000.0,galface_1477184.png,RefL0050N0752galface_1477184.png
34,2.220446e-16,http://virgodb.cosma.dur.ac.uk/eagle-webstorage/RefL0050N0752_Subhalo/galface_1292258.png,11840208000.0,galface_1292258.png,RefL0050N0752galface_1292258.png
35,2.220446e-16,http://virgodb.cosma.dur.ac.uk/eagle-webstorage/RefL0050N0752_Subhalo/galface_1122940.png,11745563000.0,galface_1122940.png,RefL0050N0752galface_1122940.png
36,2.220446e-16,http://virgodb.cosma.dur.ac.uk/eagle-webstorage/RefL0050N0752_Subhalo/galface_1139742.png,12158675000.0,galface_1139742.png,RefL0050N0752galface_1139742.png
37,2.220446e-16,http://virgodb.cosma.dur.ac.uk/eagle-webstorage/RefL0050N0752_Subhalo/galface_1479010.png,12106306000.0,galface_1479010.png,RefL0050N0752galface_1479010.png
38,2.220446e-16,http://virgodb.cosma.dur.ac.uk/eagle-webstorage/RefL0050N0752_Subhalo/galface_1455857.png,11786996000.0,galface_1455857.png,RefL0050N0752galface_1455857.png
39,2.220446e-16,http://virgodb.cosma.dur.ac.uk/eagle-webstorage/RefL0050N0752_Subhalo/galface_437906.png,11669236000.0,galface_437906.png,RefL0050N0752galface_437906.png
40,2.220446e-16,http://virgodb.cosma.dur.ac.uk/eagle-webstorage/RefL0050N0752_Subhalo/galface_1488607.png,12150793000.0,galface_1488607.png,RefL0050N0752galface_1488607.png
41,2.220446e-16,http://virgodb.cosma.dur.ac.uk/eagle-webstorage/RefL0050N0752_Subhalo/galface_1520069.png,12303587000.0,galface_1520069.png,RefL0050N0752galface_1520069.png
42,2.220446e-16,http://virgodb.cosma.dur.ac.uk/eagle-webstorage/RefL0050N0752_Subhalo/galface_1165204.png,12092424000.0,galface_1165204.png,RefL0050N0752galface_1165204.png
43,2.220446e-16,http://virgodb.cosma.dur.ac.uk/eagle-webstorage/RefL0050N0752_Subhalo/galface_1458208.png,12492889000.0,galface_1458208.png,RefL0050N0752galface_1458208.png
44,2.220446e-16,http://virgodb.cosma.dur.ac.uk/eagle-webstorage/RefL0050N0752_Subhalo/galface_1534602.png,12118545000.0,galface_1534602.png,RefL0050N0752galface_1534602.png
45,2.220446e-16,http://virgodb.cosma.dur.ac.uk/eagle-webstorage/RefL0050N0752_Subhalo/galface_1162058.png,12141424000.0,galface_1162058.png,RefL0050N0752galface_1162058.png
46,2.220446e-16,http://virgodb.cosma.dur.ac.uk/eagle-webstorage/RefL0050N0752_Subhalo/galface_1582373.png,12021195000.0,galface_1582373.png,RefL0050N0752galface_1582373.png
47,2.220446e-16,http://virgodb.cosma.dur.ac.uk/eagle-webstorage/RefL0050N0752_Subhalo/galface_1416786.png,12273430000.0,galface_1416786.png,RefL0050N0752galface_1416786.png
48,2.220446e-16,http://virgodb.cosma.dur.ac.uk/eagle-webstorage/RefL0050N0752_Subhalo/galface_1165952.png,12005502000.0,galface_1165952.png,RefL0050N0752galface_1165952.png
49,2.220446e-16,http://virgodb.cosma.dur.ac.uk/eagle-webstorage/RefL0050N0752_Subhalo/galface_1501597.png,12312838000.0,galface_1501597.png,RefL0050N0752galface_1501597.png
50,2.220446e-16,http://virgodb.cosma.dur.ac.uk/eagle-webstorage/RefL0050N0752_Subhalo/galface_440845.png,11892999000.0,galface_440845.png,RefL0050N0752galface_440845.png
51,2.220446e-16,http://virgodb.cosma.dur.ac.uk/eagle-webstorage/RefL0050N0752_Subhalo/galface_1469366.png,12464289000.0,galface_1469366.png,RefL0050N0752galface_1469366.png
52,2.220446e-16,http://virgodb.cosma.dur.ac.uk/eagle-webstorage/RefL0050N0752_Subhalo/galface_1291122.png,12026636000.0,galface_1291122.png,RefL0050N0752galface_1291122.png
53,2.220446e-16,http://virgodb.cosma.dur.ac.uk/eagle-webstorage/RefL0050N0752_Subhalo/galface_430555.png,12005082000.0,galface_430555.png,RefL0050N0752galface_430555.png
54,2.220446e-16,http://virgodb.cosma.dur.ac.uk/eagle-webstorage/RefL0050N0752_Subhalo/galface_1250867.png,12838646000.0,galface_1250867.png,RefL0050N0752galface_1250867.png
55,2.220446e-16,http://virgodb.cosma.dur.ac.uk/eagle-webstorage/RefL0050N0752_Subhalo/galface_1641224.png,12232277000.0,galface_1641224.png,RefL0050N0752galface_1641224.png
56,2.220446e-16,http://virgodb.cosma.dur.ac.uk/eagle-webstorage/RefL0050N0752_Subhalo/galface_1536292.png,12253306000.0,galface_1536292.png,RefL0050N0752galface_1536292.png
57,2.220446e-16,http://virgodb.cosma.dur.ac.uk/eagle-webstorage/RefL0050N0752_Subhalo/galface_1497562.png,12587396000.0,galface_1497562.png,RefL0050N0752galface_1497562.png
58,2.220446e-16,http://virgodb.cosma.dur.ac.uk/eagle-webstorage/RefL0050N0752_Subhalo/galface_116736.png,12383324000.0,galface_116736.png,RefL0050N0752galface_116736.png
59,2.220446e-16,http://virgodb.cosma.dur.ac.uk/eagle-webstorage/RefL0050N0752_Subhalo/galface_1578783.png,12358626000.0,galface_1578783.png,RefL0050N0752galface_1578783.png
60,2.220446e-16,http://virgodb.cosma.dur.ac.uk/eagle-webstorage/RefL0050N0752_Subhalo/galface_1321633.png,13191589000.0,galface_1321633.png,RefL0050N0752galface_1321633.png
61,2.220446e-16,http://virgodb.cosma.dur.ac.uk/eagle-webstorage/RefL0050N0752_Subhalo/galface_132918.png,12342035000.0,galface_132918.png,RefL0050N0752galface_132918.png
62,2.220446e-16,http://virgodb.cosma.dur.ac.uk/eagle-webstorage/RefL0050N0752_Subhalo/galface_1560914.png,12936387000.0,galface_1560914.png,RefL0050N0752galface_1560914.png
63,2.220446e-16,http://virgodb.cosma.dur.ac.uk/eagle-webstorage/RefL0050N0752_Subhalo/galface_1556140.png,12573983000.0,galface_1556140.png,RefL0050N0752galface_1556140.png
64,2.220446e-16,http://virgodb.cosma.dur.ac.uk/eagle-webstorage/RefL0050N0752_Subhalo/galface_1612744.png,12800715000.0,galface_1612744.png,RefL0050N0752galface_1612744.png
65,2.220446e-16,http://virgodb.cosma.dur.ac.uk/eagle-webstorage/RefL0050N0752_Subhalo/galface_1259773.png,12750531000.0,galface_1259773.png,RefL0050N0752galface_1259773.png
66,2.220446e-16,http://virgodb.cosma.dur.ac.uk/eagle-webstorage/RefL0050N0752_Subhalo/galface_1373015.png,13506138000.0,galface_1373015.png,RefL0050N0752galface_1373015.png
67,2.220446e-16,http://virgodb.cosma.dur.ac.uk/eagle-webstorage/RefL0050N0752_Subhalo/galface_1475380.png,13031130000.0,galface_1475380.png,RefL0050N0752galface_1475380.png
68,2.220446e-16,http://virgodb.cosma.dur.ac.uk/eagle-webstorage/RefL0050N0752_Subhalo/galface_1286740.png,12760459000.0,galface_1286740.png,RefL0050N0752galface_1286740.png
69,2.220446e-16,http://virgodb.cosma.dur.ac.uk/eagle-webstorage/RefL0050N0752_Subhalo/galface_1560276.png,12962665000.0,galface_1560276.png,RefL0050N0752galface_1560276.png
70,2.220446e-16,http://virgodb.cosma.dur.ac.uk/eagle-webstorage/RefL0050N0752_Subhalo/galface_1396144.png,13584997000.0,galface_1396144.png,RefL0050N0752galface_1396144.png
71,2.220446e-16,http://virgodb.cosma.dur.ac.uk/eagle-webstorage/RefL0050N0752_Subhalo/galface_1468208.png,13243204000.0,galface_1468208.png,RefL0050N0752galface_1468208.png
72,2.220446e-16,http://virgodb.cosma.dur.ac.uk/eagle-webstorage/RefL0050N0752_Subhalo/galface_1278807.png,13196764000.0,galface_1278807.png,RefL0050N0752galface_1278807.png
73,2.220446e-16,http://virgodb.cosma.dur.ac.uk/eagle-webstorage/RefL0050N0752_Subhalo/galface_1581516.png,13029891000.0,galface_1581516.png,RefL0050N0752galface_1581516.png
74,2.220446e-16,http://virgodb.cosma.dur.ac.uk/eagle-webstorage/RefL0050N0752_Subhalo/galface_1464735.png,14104966000.0,galface_1464735.png,RefL0050N0752galface_1464735.png
75,2.220446e-16,http://virgodb.cosma.dur.ac.uk/eagle-webstorage/RefL0050N0752_Subhalo/galface_1248933.png,13533421000.0,galface_1248933.png,RefL0050N0752galface_1248933.png
76,2.220446e-16,http://virgodb.cosma.dur.ac.uk/eagle-webstorage/RefL0050N0752_Subhalo/galface_1111933.png,13125828000.0,galface_1111933.png,RefL0050N0752galface_1111933.png
77,2.220446e-16,http://virgodb.cosma.dur.ac.uk/eagle-webstorage/RefL0050N0752_Subhalo/galface_1263374.png,14587774000.0,galface_1263374.png,RefL0050N0752galface_1263374.png
78,2.220446e-16,http://virgodb.cosma.dur.ac.uk/eagle-webstorage/RefL0050N0752_Subhalo/galface_1460046.png,13345451000.0,galface_1460046.png,RefL0050N0752galface_1460046.png
79,2.220446e-16,http://virgodb.cosma.dur.ac.uk/eagle-webstorage/RefL0050N0752_Subhalo/galface_1482517.png,14036575000.0,galface_1482517.png,RefL0050N0752galface_1482517.png
80,2.220446e-16,http://virgodb.cosma.dur.ac.uk/eagle-webstorage/RefL0050N0752_Subhalo/galface_1133486.png,13711050000.0,galface_1133486.png,RefL0050N0752galface_1133486.png
81,2.220446e-16,http://virgodb.cosma.dur.ac.uk/eagle-webstorage/RefL0050N0752_Subhalo/galface_1299998.png,13594357000.0,galface_1299998.png,RefL0050N0752galface_1299998.png
82,2.220446e-16,http://virgodb.cosma.dur.ac.uk/eagle-webstorage/RefL0050N0752_Subhalo/galface_1454804.png,13707205000.0,galface_1454804.png,RefL0050N0752galface_1454804.png
83,2.220446e-16,http://virgodb.cosma.dur.ac.uk/eagle-webstorage/RefL0050N0752_Subhalo/galface_1527451.png,14498091000.0,galface_1527451.png,RefL0050N0752galface_1527451.png
84,2.220446e-16,http://virgodb.cosma.dur.ac.uk/eagle-webstorage/RefL0050N0752_Subhalo/galface_1414223.png,14688458000.0,galface_1414223.png,RefL0050N0752galface_1414223.png
85,2.220446e-16,http://virgodb.cosma.dur.ac.uk/eagle-webstorage/RefL0050N0752_Subhalo/galface_1485132.png,13744378000.0,galface_1485132.png,RefL0050N0752galface_1485132.png
86,2.220446e-16,http://virgodb.cosma.dur.ac.uk/eagle-webstorage/RefL0050N0752_Subhalo/galface_509908.png,13441167000.0,galface_509908.png,RefL0050N0752galface_509908.png
87,2.220446e-16,http://virgodb.cosma.dur.ac.uk/eagle-webstorage/RefL0050N0752_Subhalo/galface_1494786.png,15356744000.0,galface_1494786.png,RefL0050N0752galface_1494786.png
88,2.220446e-16,http://virgodb.cosma.dur.ac.uk/eagle-webstorage/RefL0050N0752_Subhalo/galface_1504238.png,13704500000.0,galface_1504238.png,RefL0050N0752galface_1504238.png
89,2.220446e-16,http://virgodb.cosma.dur.ac.uk/eagle-webstorage/RefL0050N0752_Subhalo/galface_1410040.png,14328789000.0,galface_1410040.png,RefL0050N0752galface_1410040.png
90,2.220446e-16,http://virgodb.cosma.dur.ac.uk/eagle-webstorage/RefL0050N0752_Subhalo/galface_1589879.png,13859261000.0,galface_1589879.png,RefL0050N0752galface_1589879.png
91,2.220446e-16,http://virgodb.cosma.dur.ac.uk/eagle-webstorage/RefL0050N0752_Subhalo/galface_1339145.png,14813036000.0,galface_1339145.png,RefL0050N0752galface_1339145.png
92,2.220446e-16,http://virgodb.cosma.dur.ac.uk/eagle-webstorage/RefL0050N0752_Subhalo/galface_1463917.png,14195956000.0,galface_1463917.png,RefL0050N0752galface_1463917.png
93,2.220446e-16,http://virgodb.cosma.dur.ac.uk/eagle-webstorage/RefL0050N0752_Subhalo/galface_1132749.png,13983993000.0,galface_1132749.png,RefL0050N0752galface_1132749.png
94,2.220446e-16,http://virgodb.cosma.dur.ac.uk/eagle-webstorage/RefL0050N0752_Subhalo/galface_2266198.png,16326005000.0,galface_2266198.png,RefL0050N0752galface_2266198.png
95,2.220446e-16,http://virgodb.cosma.dur.ac.uk/eagle-webstorage/RefL0050N0752_Subhalo/galface_1462653.png,15064249000.0,galface_1462653.png,RefL0050N0752galface_1462653.png
96,2.220446e-16,http://virgodb.cosma.dur.ac.uk/eagle-webstorage/RefL0050N0752_Subhalo/galface_1555275.png,14344951000.0,galface_1555275.png,RefL0050N0752galface_1555275.png
97,2.220446e-16,http://virgodb.cosma.dur.ac.uk/eagle-webstorage/RefL0050N0752_Subhalo/galface_1517468.png,14251538000.0,galface_1517468.png,RefL0050N0752galface_1517468.png
98,2.220446e-16,http://virgodb.cosma.dur.ac.uk/eagle-webstorage/RefL0050N0752_Subhalo/galface_1256607.png,14591120000.0,galface_1256607.png,RefL0050N0752galface_1256607.png
99,2.220446e-16,http://virgodb.cosma.dur.ac.uk/eagle-webstorage/RefL0050N0752_Subhalo/galface_1433982.png,14944743000.0,galface_1433982.png,RefL0050N0752galface_1433982.png
100,2.220446e-16,http://virgodb.cosma.dur.ac.uk/eagle-webstorage/RefL0050N0752_Subhalo/galface_1538264.png,14542104000.0,galface_1538264.png,RefL0050N0752galface_1538264.png
101,2.220446e-16,http://virgodb.cosma.dur.ac.uk/eagle-webstorage/RefL0050N0752_Subhalo/galface_1303173.png,16925286000.0,galface_1303173.png,RefL0050N0752galface_1303173.png
102,2.220446e-16,http://virgodb.cosma.dur.ac.uk/eagle-webstorage/RefL0050N0752_Subhalo/galface_1135064.png,15614927000.0,galface_1135064.png,RefL0050N0752galface_1135064.png
103,2.220446e-16,http://virgodb.cosma.dur.ac.uk/eagle-webstorage/RefL0050N0752_Subhalo/galface_1310395.png,16075330000.0,galface_1310395.png,RefL0050N0752galface_1310395.png
104,2.220446e-16,http://virgodb.cosma.dur.ac.uk/eagle-webstorage/RefL0050N0752_Subhalo/galface_78308.png,15011646000.0,galface_78308.png,RefL0050N0752galface_78308.png
105,2.220446e-16,http://virgodb.cosma.dur.ac.uk/eagle-webstorage/RefL0050N0752_Subhalo/galface_1318446.png,16429782000.0,galface_1318446.png,RefL0050N0752galface_1318446.png
106,2.220446e-16,http://virgodb.cosma.dur.ac.uk/eagle-webstorage/RefL0050N0752_Subhalo/galface_1498636.png,15206799000.0,galface_1498636.png,RefL0050N0752galface_1498636.png
107,2.220446e-16,http://virgodb.cosma.dur.ac.uk/eagle-webstorage/RefL0050N0752_Subhalo/galface_1329643.png,15334843000.0,galface_1329643.png,RefL0050N0752galface_1329643.png
108,2.220446e-16,http://virgodb.cosma.dur.ac.uk/eagle-webstorage/RefL0050N0752_Subhalo/galface_1401413.png,15968083000.0,galface_1401413.png,RefL0050N0752galface_1401413.png
109,2.220446e-16,http://virgodb.cosma.dur.ac.uk/eagle-webstorage/RefL0050N0752_Subhalo/galface_1470434.png,16487980000.0,galface_1470434.png,RefL0050N0752galface_1470434.png
110,2.220446e-16,http://virgodb.cosma.dur.ac.uk/eagle-webstorage/RefL0050N0752_Subhalo/galface_485410.png,15088291000.0,galface_485410.png,RefL0050N0752galface_485410.png
111,2.220446e-16,http://virgodb.cosma.dur.ac.uk/eagle-webstorage/RefL0050N0752_Subhalo/galface_401581.png,15435836000.0,galface_401581.png,RefL0050N0752galface_401581.png
112,2.220446e-16,http://virgodb.cosma.dur.ac.uk/eagle-webstorage/RefL0050N0752_Subhalo/galface_1189603.png,15754306000.0,galface_1189603.png,RefL0050N0752galface_1189603.png
113,2.220446e-16,http://virgodb.cosma.dur.ac.uk/eagle-webstorage/RefL0050N0752_Subhalo/galface_1435208.png,15969236000.0,galface_1435208.png,RefL0050N0752galface_1435208.png
114,2.220446e-16,http://virgodb.cosma.dur.ac.uk/eagle-webstorage/RefL0050N0752_Subhalo/galface_1122235.png,16158992000.0,galface_1122235.png,RefL0050N0752galface_1122235.png
115,2.220446e-16,http://virgodb.cosma.dur.ac.uk/eagle-webstorage/RefL0050N0752_Subhalo/galface_1249866.png,16269061000.0,galface_1249866.png,RefL0050N0752galface_1249866.png
116,2.220446e-16,http://virgodb.cosma.dur.ac.uk/eagle-webstorage/RefL0050N0752_Subhalo/galface_1289454.png,16526635000.0,galface_1289454.png,RefL0050N0752galface_1289454.png
117,2.220446e-16,http://virgodb.cosma.dur.ac.uk/eagle-webstorage/RefL0050N0752_Subhalo/galface_2307141.png,17519073000.0,galface_2307141.png,RefL0050N0752galface_2307141.png
118,2.220446e-16,http://virgodb.cosma.dur.ac.uk/eagle-webstorage/RefL0050N0752_Subhalo/galface_2270397.png,19318320000.0,galface_2270397.png,RefL0050N0752galface_2270397.png
119,2.220446e-16,http://virgodb.cosma.dur.ac.uk/eagle-webstorage/RefL0050N0752_Subhalo/galface_1514900.png,16583939000.0,galface_1514900.png,RefL0050N0752galface_1514900.png
120,2.220446e-16,http://virgodb.cosma.dur.ac.uk/eagle-webstorage/RefL0050N0752_Subhalo/galface_1453628.png,16397458000.0,galface_1453628.png,RefL0050N0752galface_1453628.png
121,2.220446e-16,http://virgodb.cosma.dur.ac.uk/eagle-webstorage/RefL0050N0752_Subhalo/galface_1495827.png,16615227000.0,galface_1495827.png,RefL0050N0752galface_1495827.png
122,2.220446e-16,http://virgodb.cosma.dur.ac.uk/eagle-webstorage/RefL0050N0752_Subhalo/galface_1379599.png,16718087000.0,galface_1379599.png,RefL0050N0752galface_1379599.png
123,2.220446e-16,http://virgodb.cosma.dur.ac.uk/eagle-webstorage/RefL0050N0752_Subhalo/galface_1480774.png,16557823000.0,galface_1480774.png,RefL0050N0752galface_1480774.png
124,2.220446e-16,http://virgodb.cosma.dur.ac.uk/eagle-webstorage/RefL0050N0752_Subhalo/galface_1404205.png,18515070000.0,galface_1404205.png,RefL0050N0752galface_1404205.png
125,2.220446e-16,http://virgodb.cosma.dur.ac.uk/eagle-webstorage/RefL0050N0752_Subhalo/galface_1092343.png,16466203000.0,galface_1092343.png,RefL0050N0752galface_1092343.png
126,2.220446e-16,http://virgodb.cosma.dur.ac.uk/eagle-webstorage/RefL0050N0752_Subhalo/galface_1461839.png,16595266000.0,galface_1461839.png,RefL0050N0752galface_1461839.png
127,2.220446e-16,http://virgodb.cosma.dur.ac.uk/eagle-webstorage/RefL0050N0752_Subhalo/galface_1476391.png,16581429000.0,galface_1476391.png,RefL0050N0752galface_1476391.png
128,2.220446e-16,http://virgodb.cosma.dur.ac.uk/eagle-webstorage/RefL0050N0752_Subhalo/galface_1467235.png,16938427000.0,galface_1467235.png,RefL0050N0752galface_1467235.png
129,2.220446e-16,http://virgodb.cosma.dur.ac.uk/eagle-webstorage/RefL0050N0752_Subhalo/galface_1465698.png,17577703000.0,galface_1465698.png,RefL0050N0752galface_1465698.png
130,2.220446e-16,http://virgodb.cosma.dur.ac.uk/eagle-webstorage/RefL0050N0752_Subhalo/galface_79027.png,16567073000.0,galface_79027.png,RefL0050N0752galface_79027.png
131,2.220446e-16,http://virgodb.cosma.dur.ac.uk/eagle-webstorage/RefL0050N0752_Subhalo/galface_1138553.png,18140330000.0,galface_1138553.png,RefL0050N0752galface_1138553.png
132,2.220446e-16,http://virgodb.cosma.dur.ac.uk/eagle-webstorage/RefL0050N0752_Subhalo/galface_1425663.png,17155970000.0,galface_1425663.png,RefL0050N0752galface_1425663.png
133,2.220446e-16,http://virgodb.cosma.dur.ac.uk/eagle-webstorage/RefL0050N0752_Subhalo/galface_1389313.png,16914934000.0,galface_1389313.png,RefL0050N0752galface_1389313.png
134,2.220446e-16,http://virgodb.cosma.dur.ac.uk/eagle-webstorage/RefL0050N0752_Subhalo/galface_1444492.png,17707459000.0,galface_1444492.png,RefL0050N0752galface_1444492.png
135,2.220446e-16,http://virgodb.cosma.dur.ac.uk/eagle-webstorage/RefL0050N0752_Subhalo/galface_1085621.png,17796887000.0,galface_1085621.png,RefL0050N0752galface_1085621.png
136,2.220446e-16,http://virgodb.cosma.dur.ac.uk/eagle-webstorage/RefL0050N0752_Subhalo/galface_1423724.png,18035857000.0,galface_1423724.png,RefL0050N0752galface_1423724.png
137,2.220446e-16,http://virgodb.cosma.dur.ac.uk/eagle-webstorage/RefL0050N0752_Subhalo/galface_1422712.png,18686818000.0,galface_1422712.png,RefL0050N0752galface_1422712.png
138,2.220446e-16,http://virgodb.cosma.dur.ac.uk/eagle-webstorage/RefL0050N0752_Subhalo/galface_1304142.png,17742412000.0,galface_1304142.png,RefL0050N0752galface_1304142.png
139,2.220446e-16,http://virgodb.cosma.dur.ac.uk/eagle-webstorage/RefL0050N0752_Subhalo/galface_1094187.png,17717174000.0,galface_1094187.png,RefL0050N0752galface_1094187.png
140,2.220446e-16,http://virgodb.cosma.dur.ac.uk/eagle-webstorage/RefL0050N0752_Subhalo/galface_1446575.png,18106542000.0,galface_1446575.png,RefL0050N0752galface_1446575.png
141,2.220446e-16,http://virgodb.cosma.dur.ac.uk/eagle-webstorage/RefL0050N0752_Subhalo/galface_1442166.png,18003134000.0,galface_1442166.png,RefL0050N0752galface_1442166.png
142,2.220446e-16,http://virgodb.cosma.dur.ac.uk/eagle-webstorage/RefL0050N0752_Subhalo/galface_1244184.png,18138659000.0,galface_1244184.png,RefL0050N0752galface_1244184.png
143,2.220446e-16,http://virgodb.cosma.dur.ac.uk/eagle-webstorage/RefL0050N0752_Subhalo/galface_1282458.png,19153320000.0,galface_1282458.png,RefL0050N0752galface_1282458.png
144,2.220446e-16,http://virgodb.cosma.dur.ac.uk/eagle-webstorage/RefL0050N0752_Subhalo/galface_1356612.png,18467695000.0,galface_1356612.png,RefL0050N0752galface_1356612.png
145,2.220446e-16,http://virgodb.cosma.dur.ac.uk/eagle-webstorage/RefL0050N0752_Subhalo/galface_514258.png,17811302000.0,galface_514258.png,RefL0050N0752galface_514258.png
146,2.220446e-16,http://virgodb.cosma.dur.ac.uk/eagle-webstorage/RefL0050N0752_Subhalo/galface_1438070.png,18363705000.0,galface_1438070.png,RefL0050N0752galface_1438070.png
147,2.220446e-16,http://virgodb.cosma.dur.ac.uk/eagle-webstorage/RefL0050N0752_Subhalo/galface_1093251.png,18874851000.0,galface_1093251.png,RefL0050N0752galface_1093251.png
148,2.220446e-16,http://virgodb.cosma.dur.ac.uk/eagle-webstorage/RefL0050N0752_Subhalo/galface_1355100.png,18657653000.0,galface_1355100.png,RefL0050N0752galface_1355100.png
149,2.220446e-16,http://virgodb.cosma.dur.ac.uk/eagle-webstorage/RefL0050N0752_Subhalo/galface_1459291.png,18372248000.0,galface_1459291.png,RefL0050N0752galface_1459291.png
150,2.220446e-16,http://virgodb.cosma.dur.ac.uk/eagle-webstorage/RefL0050N0752_Subhalo/galface_1328207.png,19706260000.0,galface_1328207.png,RefL0050N0752galface_1328207.png
151,2.220446e-16,http://virgodb.cosma.dur.ac.uk/eagle-webstorage/RefL0050N0752_Subhalo/galface_1483658.png,20660540000.0,galface_1483658.png,RefL0050N0752galface_1483658.png
152,2.220446e-16,http://virgodb.cosma.dur.ac.uk/eagle-webstorage/RefL0050N0752_Subhalo/galface_1365291.png,19631118000.0,galface_1365291.png,RefL0050N0752galface_1365291.png
153,2.220446e-16,http://virgodb.cosma.dur.ac.uk/eagle-webstorage/RefL0050N0752_Subhalo/galface_1123696.png,19044215000.0,galface_1123696.png,RefL0050N0752galface_1123696.png
154,2.220446e-16,http://virgodb.cosma.dur.ac.uk/eagle-webstorage/RefL0050N0752_Subhalo/galface_1412733.png,20441174000.0,galface_1412733.png,RefL0050N0752galface_1412733.png
155,2.220446e-16,http://virgodb.cosma.dur.ac.uk/eagle-webstorage/RefL0050N0752_Subhalo/galface_1247897.png,19489784000.0,galface_1247897.png,RefL0050N0752galface_1247897.png
156,2.220446e-16,http://virgodb.cosma.dur.ac.uk/eagle-webstorage/RefL0050N0752_Subhalo/galface_1374196.png,21036330000.0,galface_1374196.png,RefL0050N0752galface_1374196.png
157,2.220446e-16,http://virgodb.cosma.dur.ac.uk/eagle-webstorage/RefL0050N0752_Subhalo/galface_1319910.png,21046426000.0,galface_1319910.png,RefL0050N0752galface_1319910.png
158,2.220446e-16,http://virgodb.cosma.dur.ac.uk/eagle-webstorage/RefL0050N0752_Subhalo/galface_1305519.png,20147814000.0,galface_1305519.png,RefL0050N0752galface_1305519.png
159,2.220446e-16,http://virgodb.cosma.dur.ac.uk/eagle-webstorage/RefL0050N0752_Subhalo/galface_1371201.png,21002949000.0,galface_1371201.png,RefL0050N0752galface_1371201.png
160,2.220446e-16,http://virgodb.cosma.dur.ac.uk/eagle-webstorage/RefL0050N0752_Subhalo/galface_1161117.png,19413990000.0,galface_1161117.png,RefL0050N0752galface_1161117.png
161,2.220446e-16,http://virgodb.cosma.dur.ac.uk/eagle-webstorage/RefL0050N0752_Subhalo/galface_1172536.png,21430022000.0,galface_1172536.png,RefL0050N0752galface_1172536.png
162,2.220446e-16,http://virgodb.cosma.dur.ac.uk/eagle-webstorage/RefL0050N0752_Subhalo/galface_1347069.png,20292125000.0,galface_1347069.png,RefL0050N0752galface_1347069.png
163,2.220446e-16,http://virgodb.cosma.dur.ac.uk/eagle-webstorage/RefL0050N0752_Subhalo/galface_1279989.png,19811510000.0,galface_1279989.png,RefL0050N0752galface_1279989.png
164,2.220446e-16,http://virgodb.cosma.dur.ac.uk/eagle-webstorage/RefL0050N0752_Subhalo/galface_1380475.png,20873670000.0,galface_1380475.png,RefL0050N0752galface_1380475.png
165,2.220446e-16,http://virgodb.cosma.dur.ac.uk/eagle-webstorage/RefL0050N0752_Subhalo/galface_1188155.png,20991646000.0,galface_1188155.png,RefL0050N0752galface_1188155.png
166,2.220446e-16,http://virgodb.cosma.dur.ac.uk/eagle-webstorage/RefL0050N0752_Subhalo/galface_1155743.png,20730055000.0,galface_1155743.png,RefL0050N0752galface_1155743.png
167,2.220446e-16,http://virgodb.cosma.dur.ac.uk/eagle-webstorage/RefL0050N0752_Subhalo/galface_1288278.png,21928534000.0,galface_1288278.png,RefL0050N0752galface_1288278.png
168,2.220446e-16,http://virgodb.cosma.dur.ac.uk/eagle-webstorage/RefL0050N0752_Subhalo/galface_1317107.png,21526020000.0,galface_1317107.png,RefL0050N0752galface_1317107.png
169,2.220446e-16,http://virgodb.cosma.dur.ac.uk/eagle-webstorage/RefL0050N0752_Subhalo/galface_1337479.png,21911208000.0,galface_1337479.png,RefL0050N0752galface_1337479.png
170,2.220446e-16,http://virgodb.cosma.dur.ac.uk/eagle-webstorage/RefL0050N0752_Subhalo/galface_2286975.png,23682642000.0,galface_2286975.png,RefL0050N0752galface_2286975.png
171,2.220446e-16,http://virgodb.cosma.dur.ac.uk/eagle-webstorage/RefL0050N0752_Subhalo/galface_1366508.png,21773515000.0,galface_1366508.png,RefL0050N0752galface_1366508.png
172,2.220446e-16,http://virgodb.cosma.dur.ac.uk/eagle-webstorage/RefL0050N0752_Subhalo/galface_1411308.png,23089566000.0,galface_1411308.png,RefL0050N0752galface_1411308.png
173,2.220446e-16,http://virgodb.cosma.dur.ac.uk/eagle-webstorage/RefL0050N0752_Subhalo/galface_1420771.png,21379154000.0,galface_1420771.png,RefL0050N0752galface_1420771.png
174,2.220446e-16,http://virgodb.cosma.dur.ac.uk/eagle-webstorage/RefL0050N0752_Subhalo/galface_1086825.png,21260777000.0,galface_1086825.png,RefL0050N0752galface_1086825.png
175,2.220446e-16,http://virgodb.cosma.dur.ac.uk/eagle-webstorage/RefL0050N0752_Subhalo/galface_1419236.png,22304274000.0,galface_1419236.png,RefL0050N0752galface_1419236.png
176,2.220446e-16,http://virgodb.cosma.dur.ac.uk/eagle-webstorage/RefL0050N0752_Subhalo/galface_2148400.png,25349747000.0,galface_2148400.png,RefL0050N0752galface_2148400.png
177,2.220446e-16,http://virgodb.cosma.dur.ac.uk/eagle-webstorage/RefL0050N0752_Subhalo/galface_1394766.png,21500592000.0,galface_1394766.png,RefL0050N0752galface_1394766.png
178,2.220446e-16,http://virgodb.cosma.dur.ac.uk/eagle-webstorage/RefL0050N0752_Subhalo/galface_1348196.png,22048938000.0,galface_1348196.png,RefL0050N0752galface_1348196.png
179,2.220446e-16,http://virgodb.cosma.dur.ac.uk/eagle-webstorage/RefL0050N0752_Subhalo/galface_1491540.png,21759474000.0,galface_1491540.png,RefL0050N0752galface_1491540.png
180,2.220446e-16,http://virgodb.cosma.dur.ac.uk/eagle-webstorage/RefL0050N0752_Subhalo/galface_1386556.png,21907590000.0,galface_1386556.png,RefL0050N0752galface_1386556.png
181,2.220446e-16,http://virgodb.cosma.dur.ac.uk/eagle-webstorage/RefL0050N0752_Subhalo/galface_1276915.png,21642494000.0,galface_1276915.png,RefL0050N0752galface_1276915.png
182,2.220446e-16,http://virgodb.cosma.dur.ac.uk/eagle-webstorage/RefL0050N0752_Subhalo/galface_1402691.png,22774260000.0,galface_1402691.png,RefL0050N0752galface_1402691.png
183,2.220446e-16,http://virgodb.cosma.dur.ac.uk/eagle-webstorage/RefL0050N0752_Subhalo/galface_1313449.png,23557341000.0,galface_1313449.png,RefL0050N0752galface_1313449.png
184,2.220446e-16,http://virgodb.cosma.dur.ac.uk/eagle-webstorage/RefL0050N0752_Subhalo/galface_1408411.png,22662402000.0,galface_1408411.png,RefL0050N0752galface_1408411.png
185,2.220446e-16,http://virgodb.cosma.dur.ac.uk/eagle-webstorage/RefL0050N0752_Subhalo/galface_1330646.png,23339102000.0,galface_1330646.png,RefL0050N0752galface_1330646.png
186,2.220446e-16,http://virgodb.cosma.dur.ac.uk/eagle-webstorage/RefL0050N0752_Subhalo/galface_2297802.png,23256123000.0,galface_2297802.png,RefL0050N0752galface_2297802.png
187,2.220446e-16,http://virgodb.cosma.dur.ac.uk/eagle-webstorage/RefL0050N0752_Subhalo/galface_1377285.png,23068369000.0,galface_1377285.png,RefL0050N0752galface_1377285.png
188,2.220446e-16,http://virgodb.cosma.dur.ac.uk/eagle-webstorage/RefL0050N0752_Subhalo/galface_2196040.png,24700873000.0,galface_2196040.png,RefL0050N0752galface_2196040.png
189,2.220446e-16,http://virgodb.cosma.dur.ac.uk/eagle-webstorage/RefL0050N0752_Subhalo/galface_2280009.png,24699654000.0,galface_2280009.png,RefL0050N0752galface_2280009.png
190,2.220446e-16,http://virgodb.cosma.dur.ac.uk/eagle-webstorage/RefL0050N0752_Subhalo/galface_1367615.png,23893703000.0,galface_1367615.png,RefL0050N0752galface_1367615.png
191,2.220446e-16,http://virgodb.cosma.dur.ac.uk/eagle-webstorage/RefL0050N0752_Subhalo/galface_1315366.png,25870164000.0,galface_1315366.png,RefL0050N0752galface_1315366.png
192,2.220446e-16,http://virgodb.cosma.dur.ac.uk/eagle-webstorage/RefL0050N0752_Subhalo/galface_1257778.png,22767002000.0,galface_1257778.png,RefL0050N0752galface_1257778.png
193,2.220446e-16,http://virgodb.cosma.dur.ac.uk/eagle-webstorage/RefL0050N0752_Subhalo/galface_1186136.png,25171790000.0,galface_1186136.png,RefL0050N0752galface_1186136.png
194,2.220446e-16,http://virgodb.cosma.dur.ac.uk/eagle-webstorage/RefL0050N0752_Subhalo/galface_1430974.png,23511011000.0,galface_1430974.png,RefL0050N0752galface_1430974.png
195,2.220446e-16,http://virgodb.cosma.dur.ac.uk/eagle-webstorage/RefL0050N0752_Subhalo/galface_1115535.png,23660366000.0,galface_1115535.png,RefL0050N0752galface_1115535.png
196,2.220446e-16,http://virgodb.cosma.dur.ac.uk/eagle-webstorage/RefL0050N0752_Subhalo/galface_1351451.png,25588951000.0,galface_1351451.png,RefL0050N0752galface_1351451.png
197,2.220446e-16,http://virgodb.cosma.dur.ac.uk/eagle-webstorage/RefL0050N0752_Subhalo/galface_1096782.png,23311163000.0,galface_1096782.png,RefL0050N0752galface_1096782.png
198,2.220446e-16,http://virgodb.cosma.dur.ac.uk/eagle-webstorage/RefL0050N0752_Subhalo/galface_1340561.png,24907920000.0,galface_1340561.png,RefL0050N0752galface_1340561.png
199,2.220446e-16,http://virgodb.cosma.dur.ac.uk/eagle-webstorage/RefL0050N0752_Subhalo/galface_1417898.png,24374300000.0,galface_1417898.png,RefL0050N0752galface_1417898.png
200,2.220446e-16,http://virgodb.cosma.dur.ac.uk/eagle-webstorage/RefL0050N0752_Subhalo/galface_1390193.png,25047958000.0,galface_1390193.png,RefL0050N0752galface_1390193.png
201,2.220446e-16,http://virgodb.cosma.dur.ac.uk/eagle-webstorage/RefL0050N0752_Subhalo/galface_2292209.png,25612003000.0,galface_2292209.png,RefL0050N0752galface_2292209.png
202,2.220446e-16,http://virgodb.cosma.dur.ac.uk/eagle-webstorage/RefL0050N0752_Subhalo/galface_414047.png,23781730000.0,galface_414047.png,RefL0050N0752galface_414047.png
203,2.220446e-16,http://virgodb.cosma.dur.ac.uk/eagle-webstorage/RefL0050N0752_Subhalo/galface_1429533.png,24416494000.0,galface_1429533.png,RefL0050N0752galface_1429533.png
204,2.220446e-16,http://virgodb.cosma.dur.ac.uk/eagle-webstorage/RefL0050N0752_Subhalo/galface_2368739.png,26834948000.0,galface_2368739.png,RefL0050N0752galface_2368739.png
205,2.220446e-16,http://virgodb.cosma.dur.ac.uk/eagle-webstorage/RefL0050N0752_Subhalo/galface_1255346.png,25057850000.0,galface_1255346.png,RefL0050N0752galface_1255346.png
206,2.220446e-16,http://virgodb.cosma.dur.ac.uk/eagle-webstorage/RefL0050N0752_Subhalo/galface_1398695.png,24525373000.0,galface_1398695.png,RefL0050N0752galface_1398695.png
207,2.220446e-16,http://virgodb.cosma.dur.ac.uk/eagle-webstorage/RefL0050N0752_Subhalo/galface_53256.png,24355963000.0,galface_53256.png,RefL0050N0752galface_53256.png
208,2.220446e-16,http://virgodb.cosma.dur.ac.uk/eagle-webstorage/RefL0050N0752_Subhalo/galface_1131235.png,26419229000.0,galface_1131235.png,RefL0050N0752galface_1131235.png
209,2.220446e-16,http://virgodb.cosma.dur.ac.uk/eagle-webstorage/RefL0050N0752_Subhalo/galface_1382002.png,26209170000.0,galface_1382002.png,RefL0050N0752galface_1382002.png
210,2.220446e-16,http://virgodb.cosma.dur.ac.uk/eagle-webstorage/RefL0050N0752_Subhalo/galface_1474323.png,24890585000.0,galface_1474323.png,RefL0050N0752galface_1474323.png
211,2.220446e-16,http://virgodb.cosma.dur.ac.uk/eagle-webstorage/RefL0050N0752_Subhalo/galface_1400142.png,26542300000.0,galface_1400142.png,RefL0050N0752galface_1400142.png
212,2.220446e-16,http://virgodb.cosma.dur.ac.uk/eagle-webstorage/RefL0050N0752_Subhalo/galface_2321744.png,27441893000.0,galface_2321744.png,RefL0050N0752galface_2321744.png
213,2.220446e-16,http://virgodb.cosma.dur.ac.uk/eagle-webstorage/RefL0050N0752_Subhalo/galface_1301768.png,26326634000.0,galface_1301768.png,RefL0050N0752galface_1301768.png
214,2.220446e-16,http://virgodb.cosma.dur.ac.uk/eagle-webstorage/RefL0050N0752_Subhalo/galface_1265660.png,27671265000.0,galface_1265660.png,RefL0050N0752galface_1265660.png
215,2.220446e-16,http://virgodb.cosma.dur.ac.uk/eagle-webstorage/RefL0050N0752_Subhalo/galface_434818.png,25466507000.0,galface_434818.png,RefL0050N0752galface_434818.png
216,2.220446e-16,http://virgodb.cosma.dur.ac.uk/eagle-webstorage/RefL0050N0752_Subhalo/galface_2371103.png,27423144000.0,galface_2371103.png,RefL0050N0752galface_2371103.png
217,2.220446e-16,http://virgodb.cosma.dur.ac.uk/eagle-webstorage/RefL0050N0752_Subhalo/galface_2348977.png,27591623000.0,galface_2348977.png,RefL0050N0752galface_2348977.png
218,2.220446e-16,http://virgodb.cosma.dur.ac.uk/eagle-webstorage/RefL0050N0752_Subhalo/galface_1383083.png,27743607000.0,galface_1383083.png,RefL0050N0752galface_1383083.png
219,2.220446e-16,http://virgodb.cosma.dur.ac.uk/eagle-webstorage/RefL0050N0752_Subhalo/galface_2285011.png,51124662000.0,galface_2285011.png,RefL0050N0752galface_2285011.png
220,2.220446e-16,http://virgodb.cosma.dur.ac.uk/eagle-webstorage/RefL0050N0752_Subhalo/galface_2336520.png,27647072000.0,galface_2336520.png,RefL0050N0752galface_2336520.png
221,2.220446e-16,http://virgodb.cosma.dur.ac.uk/eagle-webstorage/RefL0050N0752_Subhalo/galface_1308772.png,29420108000.0,galface_1308772.png,RefL0050N0752galface_1308772.png
222,2.220446e-16,http://virgodb.cosma.dur.ac.uk/eagle-webstorage/RefL0050N0752_Subhalo/galface_2347920.png,33455114000.0,galface_2347920.png,RefL0050N0752galface_2347920.png
223,2.220446e-16,http://virgodb.cosma.dur.ac.uk/eagle-webstorage/RefL0050N0752_Subhalo/galface_1081404.png,27441172000.0,galface_1081404.png,RefL0050N0752galface_1081404.png
224,2.220446e-16,http://virgodb.cosma.dur.ac.uk/eagle-webstorage/RefL0050N0752_Subhalo/galface_1391800.png,29815814000.0,galface_1391800.png,RefL0050N0752galface_1391800.png
225,2.220446e-16,http://virgodb.cosma.dur.ac.uk/eagle-webstorage/RefL0050N0752_Subhalo/galface_1105938.png,29991786000.0,galface_1105938.png,RefL0050N0752galface_1105938.png
226,2.220446e-16,http://virgodb.cosma.dur.ac.uk/eagle-webstorage/RefL0050N0752_Subhalo/galface_2241322.png,31879752000.0,galface_2241322.png,RefL0050N0752galface_2241322.png
227,2.220446e-16,http://virgodb.cosma.dur.ac.uk/eagle-webstorage/RefL0050N0752_Subhalo/galface_2325852.png,31549050000.0,galface_2325852.png,RefL0050N0752galface_2325852.png
228,2.220446e-16,http://virgodb.cosma.dur.ac.uk/eagle-webstorage/RefL0050N0752_Subhalo/galface_2235556.png,33293298000.0,galface_2235556.png,RefL0050N0752galface_2235556.png
229,2.220446e-16,http://virgodb.cosma.dur.ac.uk/eagle-webstorage/RefL0050N0752_Subhalo/galface_1272609.png,29088096000.0,galface_1272609.png,RefL0050N0752galface_1272609.png
230,2.220446e-16,http://virgodb.cosma.dur.ac.uk/eagle-webstorage/RefL0050N0752_Subhalo/galface_2218283.png,29427450000.0,galface_2218283.png,RefL0050N0752galface_2218283.png
231,2.220446e-16,http://virgodb.cosma.dur.ac.uk/eagle-webstorage/RefL0050N0752_Subhalo/galface_1298133.png,33671231000.0,galface_1298133.png,RefL0050N0752galface_1298133.png
232,2.220446e-16,http://virgodb.cosma.dur.ac.uk/eagle-webstorage/RefL0050N0752_Subhalo/galface_1343641.png,29043028000.0,galface_1343641.png,RefL0050N0752galface_1343641.png
233,2.220446e-16,http://virgodb.cosma.dur.ac.uk/eagle-webstorage/RefL0050N0752_Subhalo/galface_2350931.png,30661790000.0,galface_2350931.png,RefL0050N0752galface_2350931.png
234,2.220446e-16,http://virgodb.cosma.dur.ac.uk/eagle-webstorage/RefL0050N0752_Subhalo/galface_2323926.png,30237815000.0,galface_2323926.png,RefL0050N0752galface_2323926.png
235,2.220446e-16,http://virgodb.cosma.dur.ac.uk/eagle-webstorage/RefL0050N0752_Subhalo/galface_1269163.png,31574233000.0,galface_1269163.png,RefL0050N0752galface_1269163.png
236,2.220446e-16,http://virgodb.cosma.dur.ac.uk/eagle-webstorage/RefL0050N0752_Subhalo/galface_2357508.png,32285663000.0,galface_2357508.png,RefL0050N0752galface_2357508.png
237,2.220446e-16,http://virgodb.cosma.dur.ac.uk/eagle-webstorage/RefL0050N0752_Subhalo/galface_1043002.png,33399224000.0,galface_1043002.png,RefL0050N0752galface_1043002.png
238,2.220446e-16,http://virgodb.cosma.dur.ac.uk/eagle-webstorage/RefL0050N0752_Subhalo/galface_1254392.png,29978434000.0,galface_1254392.png,RefL0050N0752galface_1254392.png
239,2.220446e-16,http://virgodb.cosma.dur.ac.uk/eagle-webstorage/RefL0050N0752_Subhalo/galface_1159162.png,38058324000.0,galface_1159162.png,RefL0050N0752galface_1159162.png
240,2.220446e-16,http://virgodb.cosma.dur.ac.uk/eagle-webstorage/RefL0050N0752_Subhalo/galface_2364006.png,31173540000.0,galface_2364006.png,RefL0050N0752galface_2364006.png
241,2.220446e-16,http://virgodb.cosma.dur.ac.uk/eagle-webstorage/RefL0050N0752_Subhalo/galface_2316722.png,32723503000.0,galface_2316722.png,RefL0050N0752galface_2316722.png
242,2.220446e-16,http://virgodb.cosma.dur.ac.uk/eagle-webstorage/RefL0050N0752_Subhalo/galface_507697.png,30211450000.0,galface_507697.png,RefL0050N0752galface_507697.png
243,2.220446e-16,http://virgodb.cosma.dur.ac.uk/eagle-webstorage/RefL0050N0752_Subhalo/galface_130072.png,30822306000.0,galface_130072.png,RefL0050N0752galface_130072.png
244,2.220446e-16,http://virgodb.cosma.dur.ac.uk/eagle-webstorage/RefL0050N0752_Subhalo/galface_1324458.png,32195285000.0,galface_1324458.png,RefL0050N0752galface_1324458.png
245,2.220446e-16,http://virgodb.cosma.dur.ac.uk/eagle-webstorage/RefL0050N0752_Subhalo/galface_1436532.png,34123276000.0,galface_1436532.png,RefL0050N0752galface_1436532.png
246,2.220446e-16,http://virgodb.cosma.dur.ac.uk/eagle-webstorage/RefL0050N0752_Subhalo/galface_1267242.png,32245635000.0,galface_1267242.png,RefL0050N0752galface_1267242.png
247,2.220446e-16,http://virgodb.cosma.dur.ac.uk/eagle-webstorage/RefL0050N0752_Subhalo/galface_1088918.png,31936397000.0,galface_1088918.png,RefL0050N0752galface_1088918.png
248,2.220446e-16,http://virgodb.cosma.dur.ac.uk/eagle-webstorage/RefL0050N0752_Subhalo/galface_1116527.png,32791935000.0,galface_1116527.png,RefL0050N0752galface_1116527.png
249,2.220446e-16,http://virgodb.cosma.dur.ac.uk/eagle-webstorage/RefL0050N0752_Subhalo/galface_2345754.png,33860219000.0,galface_2345754.png,RefL0050N0752galface_2345754.png
250,2.220446e-16,http://virgodb.cosma.dur.ac.uk/eagle-webstorage/RefL0050N0752_Subhalo/galface_2249959.png,37893950000.0,galface_2249959.png,RefL0050N0752galface_2249959.png
251,2.220446e-16,http://virgodb.cosma.dur.ac.uk/eagle-webstorage/RefL0050N0752_Subhalo/galface_2259036.png,39980925000.0,galface_2259036.png,RefL0050N0752galface_2259036.png
252,2.220446e-16,http://virgodb.cosma.dur.ac.uk/eagle-webstorage/RefL0050N0752_Subhalo/galface_1270751.png,34389058000.0,galface_1270751.png,RefL0050N0752galface_1270751.png
253,2.220446e-16,http://virgodb.cosma.dur.ac.uk/eagle-webstorage/RefL0050N0752_Subhalo/galface_1075269.png,37339337000.0,galface_1075269.png,RefL0050N0752galface_1075269.png
254,2.220446e-16,http://virgodb.cosma.dur.ac.uk/eagle-webstorage/RefL0050N0752_Subhalo/galface_2359481.png,35338370000.0,galface_2359481.png,RefL0050N0752galface_2359481.png
255,2.220446e-16,http://virgodb.cosma.dur.ac.uk/eagle-webstorage/RefL0050N0752_Subhalo/galface_1323006.png,36682867000.0,galface_1323006.png,RefL0050N0752galface_1323006.png
256,2.220446e-16,http://virgodb.cosma.dur.ac.uk/eagle-webstorage/RefL0050N0752_Subhalo/galface_2264576.png,36196660000.0,galface_2264576.png,RefL0050N0752galface_2264576.png
257,2.220446e-16,http://virgodb.cosma.dur.ac.uk/eagle-webstorage/RefL0050N0752_Subhalo/galface_2253355.png,39430205000.0,galface_2253355.png,RefL0050N0752galface_2253355.png
258,2.220446e-16,http://virgodb.cosma.dur.ac.uk/eagle-webstorage/RefL0050N0752_Subhalo/galface_2355640.png,38314377000.0,galface_2355640.png,RefL0050N0752galface_2355640.png
259,2.220446e-16,http://virgodb.cosma.dur.ac.uk/eagle-webstorage/RefL0050N0752_Subhalo/galface_1335280.png,37871235000.0,galface_1335280.png,RefL0050N0752galface_1335280.png
260,2.220446e-16,http://virgodb.cosma.dur.ac.uk/eagle-webstorage/RefL0050N0752_Subhalo/galface_1156759.png,39527070000.0,galface_1156759.png,RefL0050N0752galface_1156759.png
261,2.220446e-16,http://virgodb.cosma.dur.ac.uk/eagle-webstorage/RefL0050N0752_Subhalo/galface_1891634.png,77491930000.0,galface_1891634.png,RefL0050N0752galface_1891634.png
262,2.220446e-16,http://virgodb.cosma.dur.ac.uk/eagle-webstorage/RefL0050N0752_Subhalo/galface_2328552.png,39780910000.0,galface_2328552.png,RefL0050N0752galface_2328552.png
263,2.220446e-16,http://virgodb.cosma.dur.ac.uk/eagle-webstorage/RefL0050N0752_Subhalo/galface_1129471.png,39623630000.0,galface_1129471.png,RefL0050N0752galface_1129471.png
264,2.220446e-16,http://virgodb.cosma.dur.ac.uk/eagle-webstorage/RefL0050N0752_Subhalo/galface_1135949.png,37398670000.0,galface_1135949.png,RefL0050N0752galface_1135949.png
265,2.220446e-16,http://virgodb.cosma.dur.ac.uk/eagle-webstorage/RefL0050N0752_Subhalo/galface_1148612.png,37282726000.0,galface_1148612.png,RefL0050N0752galface_1148612.png
266,2.220446e-16,http://virgodb.cosma.dur.ac.uk/eagle-webstorage/RefL0050N0752_Subhalo/galface_1881176.png,43343254000.0,galface_1881176.png,RefL0050N0752galface_1881176.png
267,2.220446e-16,http://virgodb.cosma.dur.ac.uk/eagle-webstorage/RefL0050N0752_Subhalo/galface_1819720.png,47374635000.0,galface_1819720.png,RefL0050N0752galface_1819720.png
268,2.220446e-16,http://virgodb.cosma.dur.ac.uk/eagle-webstorage/RefL0050N0752_Subhalo/galface_2340841.png,45842424000.0,galface_2340841.png,RefL0050N0752galface_2340841.png
269,2.220446e-16,http://virgodb.cosma.dur.ac.uk/eagle-webstorage/RefL0050N0752_Subhalo/galface_1839985.png,46295270000.0,galface_1839985.png,RefL0050N0752galface_1839985.png
270,2.220446e-16,http://virgodb.cosma.dur.ac.uk/eagle-webstorage/RefL0050N0752_Subhalo/galface_1167621.png,44291240000.0,galface_1167621.png,RefL0050N0752galface_1167621.png
271,2.220446e-16,http://virgodb.cosma.dur.ac.uk/eagle-webstorage/RefL0050N0752_Subhalo/galface_1824971.png,45018333000.0,galface_1824971.png,RefL0050N0752galface_1824971.png
272,2.220446e-16,http://virgodb.cosma.dur.ac.uk/eagle-webstorage/RefL0050N0752_Subhalo/galface_2343376.png,42399360000.0,galface_2343376.png,RefL0050N0752galface_2343376.png
273,2.220446e-16,http://virgodb.cosma.dur.ac.uk/eagle-webstorage/RefL0050N0752_Subhalo/galface_1113359.png,41025266000.0,galface_1113359.png,RefL0050N0752galface_1113359.png
274,2.220446e-16,http://virgodb.cosma.dur.ac.uk/eagle-webstorage/RefL0050N0752_Subhalo/galface_2020495.png,53369260000.0,galface_2020495.png,RefL0050N0752galface_2020495.png
275,2.220446e-16,http://virgodb.cosma.dur.ac.uk/eagle-webstorage/RefL0050N0752_Subhalo/galface_1184597.png,40461210000.0,galface_1184597.png,RefL0050N0752galface_1184597.png
276,2.220446e-16,http://virgodb.cosma.dur.ac.uk/eagle-webstorage/RefL0050N0752_Subhalo/galface_1151224.png,41885778000.0,galface_1151224.png,RefL0050N0752galface_1151224.png
277,2.220446e-16,http://virgodb.cosma.dur.ac.uk/eagle-webstorage/RefL0050N0752_Subhalo/galface_1142039.png,44770770000.0,galface_1142039.png,RefL0050N0752galface_1142039.png
278,2.220446e-16,http://virgodb.cosma.dur.ac.uk/eagle-webstorage/RefL0050N0752_Subhalo/galface_2244400.png,48729076000.0,galface_2244400.png,RefL0050N0752galface_2244400.png
279,2.220446e-16,http://virgodb.cosma.dur.ac.uk/eagle-webstorage/RefL0050N0752_Subhalo/galface_2039976.png,43603055000.0,galface_2039976.png,RefL0050N0752galface_2039976.png
280,2.220446e-16,http://virgodb.cosma.dur.ac.uk/eagle-webstorage/RefL0050N0752_Subhalo/galface_2062540.png,47788974000.0,galface_2062540.png,RefL0050N0752galface_2062540.png
281,2.220446e-16,http://virgodb.cosma.dur.ac.uk/eagle-webstorage/RefL0050N0752_Subhalo/galface_2304342.png,43112563000.0,galface_2304342.png,RefL0050N0752galface_2304342.png
282,2.220446e-16,http://virgodb.cosma.dur.ac.uk/eagle-webstorage/RefL0050N0752_Subhalo/galface_2330864.png,43902865000.0,galface_2330864.png,RefL0050N0752galface_2330864.png
283,2.220446e-16,http://virgodb.cosma.dur.ac.uk/eagle-webstorage/RefL0050N0752_Subhalo/galface_1815282.png,43670307000.0,galface_1815282.png,RefL0050N0752galface_1815282.png
284,2.220446e-16,http://virgodb.cosma.dur.ac.uk/eagle-webstorage/RefL0050N0752_Subhalo/galface_2353168.png,46251090000.0,galface_2353168.png,RefL0050N0752galface_2353168.png
285,2.220446e-16,http://virgodb.cosma.dur.ac.uk/eagle-webstorage/RefL0050N0752_Subhalo/galface_2199467.png,46278865000.0,galface_2199467.png,RefL0050N0752galface_2199467.png
286,2.220446e-16,http://virgodb.cosma.dur.ac.uk/eagle-webstorage/RefL0050N0752_Subhalo/galface_2035401.png,50811654000.0,galface_2035401.png,RefL0050N0752galface_2035401.png
287,2.220446e-16,http://virgodb.cosma.dur.ac.uk/eagle-webstorage/RefL0050N0752_Subhalo/galface_2206582.png,54790656000.0,galface_2206582.png,RefL0050N0752galface_2206582.png
288,2.220446e-16,http://virgodb.cosma.dur.ac.uk/eagle-webstorage/RefL0050N0752_Subhalo/galface_2311869.png,44027110000.0,galface_2311869.png,RefL0050N0752galface_2311869.png
289,2.220446e-16,http://virgodb.cosma.dur.ac.uk/eagle-webstorage/RefL0050N0752_Subhalo/galface_2273534.png,47226954000.0,galface_2273534.png,RefL0050N0752galface_2273534.png
290,2.220446e-16,http://virgodb.cosma.dur.ac.uk/eagle-webstorage/RefL0050N0752_Subhalo/galface_2294783.png,48143720000.0,galface_2294783.png,RefL0050N0752galface_2294783.png
291,2.220446e-16,http://virgodb.cosma.dur.ac.uk/eagle-webstorage/RefL0050N0752_Subhalo/galface_2338520.png,48116322000.0,galface_2338520.png,RefL0050N0752galface_2338520.png
292,2.220446e-16,http://virgodb.cosma.dur.ac.uk/eagle-webstorage/RefL0050N0752_Subhalo/galface_2223972.png,57163833000.0,galface_2223972.png,RefL0050N0752galface_2223972.png
293,2.220446e-16,http://virgodb.cosma.dur.ac.uk/eagle-webstorage/RefL0050N0752_Subhalo/galface_2246492.png,52775248000.0,galface_2246492.png,RefL0050N0752galface_2246492.png
294,2.220446e-16,http://virgodb.cosma.dur.ac.uk/eagle-webstorage/RefL0050N0752_Subhalo/galface_1326297.png,48107180000.0,galface_1326297.png,RefL0050N0752galface_1326297.png
295,2.220446e-16,http://virgodb.cosma.dur.ac.uk/eagle-webstorage/RefL0050N0752_Subhalo/galface_2309051.png,52065067000.0,galface_2309051.png,RefL0050N0752galface_2309051.png
296,2.220446e-16,http://virgodb.cosma.dur.ac.uk/eagle-webstorage/RefL0050N0752_Subhalo/galface_2092821.png,58674710000.0,galface_2092821.png,RefL0050N0752galface_2092821.png
297,2.220446e-16,http://virgodb.cosma.dur.ac.uk/eagle-webstorage/RefL0050N0752_Subhalo/galface_2132249.png,52741520000.0,galface_2132249.png,RefL0050N0752galface_2132249.png
298,2.220446e-16,http://virgodb.cosma.dur.ac.uk/eagle-webstorage/RefL0050N0752_Subhalo/galface_1242150.png,48372404000.0,galface_1242150.png,RefL0050N0752galface_1242150.png
299,2.220446e-16,http://virgodb.cosma.dur.ac.uk/eagle-webstorage/RefL0050N0752_Subhalo/galface_1252274.png,49775325000.0,galface_1252274.png,RefL0050N0752galface_1252274.png
300,2.220446e-16,http://virgodb.cosma.dur.ac.uk/eagle-webstorage/RefL0050N0752_Subhalo/galface_2103005.png,56037167000.0,galface_2103005.png,RefL0050N0752galface_2103005.png
301,2.220446e-16,http://virgodb.cosma.dur.ac.uk/eagle-webstorage/RefL0050N0752_Subhalo/galface_1817609.png,54821544000.0,galface_1817609.png,RefL0050N0752galface_1817609.png
302,2.220446e-16,http://virgodb.cosma.dur.ac.uk/eagle-webstorage/RefL0050N0752_Subhalo/galface_2186388.png,57715024000.0,galface_2186388.png,RefL0050N0752galface_2186388.png
303,2.220446e-16,http://virgodb.cosma.dur.ac.uk/eagle-webstorage/RefL0050N0752_Subhalo/galface_2301789.png,56128864000.0,galface_2301789.png,RefL0050N0752galface_2301789.png
304,2.220446e-16,http://virgodb.cosma.dur.ac.uk/eagle-webstorage/RefL0050N0752_Subhalo/galface_1174018.png,49808060000.0,galface_1174018.png,RefL0050N0752galface_1174018.png
305,2.220446e-16,http://virgodb.cosma.dur.ac.uk/eagle-webstorage/RefL0050N0752_Subhalo/galface_2220158.png,53929857000.0,galface_2220158.png,RefL0050N0752galface_2220158.png
306,2.220446e-16,http://virgodb.cosma.dur.ac.uk/eagle-webstorage/RefL0050N0752_Subhalo/galface_2233027.png,57005490000.0,galface_2233027.png,RefL0050N0752galface_2233027.png
307,2.220446e-16,http://virgodb.cosma.dur.ac.uk/eagle-webstorage/RefL0050N0752_Subhalo/galface_2202580.png,58353670000.0,galface_2202580.png,RefL0050N0752galface_2202580.png
308,2.220446e-16,http://virgodb.cosma.dur.ac.uk/eagle-webstorage/RefL0050N0752_Subhalo/galface_2313769.png,53250183000.0,galface_2313769.png,RefL0050N0752galface_2313769.png
309,2.220446e-16,http://virgodb.cosma.dur.ac.uk/eagle-webstorage/RefL0050N0752_Subhalo/galface_2210110.png,57396695000.0,galface_2210110.png,RefL0050N0752galface_2210110.png
310,2.220446e-16,http://virgodb.cosma.dur.ac.uk/eagle-webstorage/RefL0050N0752_Subhalo/galface_2117150.png,59749618000.0,galface_2117150.png,RefL0050N0752galface_2117150.png
311,2.220446e-16,http://virgodb.cosma.dur.ac.uk/eagle-webstorage/RefL0050N0752_Subhalo/galface_1865362.png,61495380000.0,galface_1865362.png,RefL0050N0752galface_1865362.png
312,2.220446e-16,http://virgodb.cosma.dur.ac.uk/eagle-webstorage/RefL0050N0752_Subhalo/galface_2267461.png,55846744000.0,galface_2267461.png,RefL0050N0752galface_2267461.png
313,2.220446e-16,http://virgodb.cosma.dur.ac.uk/eagle-webstorage/RefL0050N0752_Subhalo/galface_2261072.png,57264525000.0,galface_2261072.png,RefL0050N0752galface_2261072.png
314,2.220446e-16,http://virgodb.cosma.dur.ac.uk/eagle-webstorage/RefL0050N0752_Subhalo/galface_2214124.png,62867870000.0,galface_2214124.png,RefL0050N0752galface_2214124.png
315,2.220446e-16,http://virgodb.cosma.dur.ac.uk/eagle-webstorage/RefL0050N0752_Subhalo/galface_2126736.png,66887647000.0,galface_2126736.png,RefL0050N0752galface_2126736.png
316,2.220446e-16,http://virgodb.cosma.dur.ac.uk/eagle-webstorage/RefL0050N0752_Subhalo/galface_2276263.png,58817020000.0,galface_2276263.png,RefL0050N0752galface_2276263.png
317,2.220446e-16,http://virgodb.cosma.dur.ac.uk/eagle-webstorage/RefL0050N0752_Subhalo/galface_2057880.png,83001470000.0,galface_2057880.png,RefL0050N0752galface_2057880.png
318,2.220446e-16,http://virgodb.cosma.dur.ac.uk/eagle-webstorage/RefL0050N0752_Subhalo/galface_2289449.png,58752614000.0,galface_2289449.png,RefL0050N0752galface_2289449.png
319,2.220446e-16,http://virgodb.cosma.dur.ac.uk/eagle-webstorage/RefL0050N0752_Subhalo/galface_2190889.png,67659910000.0,galface_2190889.png,RefL0050N0752galface_2190889.png
320,2.220446e-16,http://virgodb.cosma.dur.ac.uk/eagle-webstorage/RefL0050N0752_Subhalo/galface_2049602.png,73649860000.0,galface_2049602.png,RefL0050N0752galface_2049602.png
321,2.220446e-16,http://virgodb.cosma.dur.ac.uk/eagle-webstorage/RefL0050N0752_Subhalo/galface_1125971.png,66932430000.0,galface_1125971.png,RefL0050N0752galface_1125971.png
322,2.220446e-16,http://virgodb.cosma.dur.ac.uk/eagle-webstorage/RefL0050N0752_Subhalo/galface_1245227.png,57707483000.0,galface_1245227.png,RefL0050N0752galface_1245227.png
323,2.220446e-16,http://virgodb.cosma.dur.ac.uk/eagle-webstorage/RefL0050N0752_Subhalo/galface_1178832.png,65993460000.0,galface_1178832.png,RefL0050N0752galface_1178832.png
324,2.220446e-16,http://virgodb.cosma.dur.ac.uk/eagle-webstorage/RefL0050N0752_Subhalo/galface_2166281.png,72403110000.0,galface_2166281.png,RefL0050N0752galface_2166281.png
325,2.220446e-16,http://virgodb.cosma.dur.ac.uk/eagle-webstorage/RefL0050N0752_Subhalo/galface_1103078.png,62647630000.0,galface_1103078.png,RefL0050N0752galface_1103078.png
326,2.220446e-16,http://virgodb.cosma.dur.ac.uk/eagle-webstorage/RefL0050N0752_Subhalo/galface_2281743.png,67093074000.0,galface_2281743.png,RefL0050N0752galface_2281743.png
327,2.220446e-16,http://virgodb.cosma.dur.ac.uk/eagle-webstorage/RefL0050N0752_Subhalo/galface_2107019.png,67858235000.0,galface_2107019.png,RefL0050N0752galface_2107019.png
328,2.220446e-16,http://virgodb.cosma.dur.ac.uk/eagle-webstorage/RefL0050N0752_Subhalo/galface_1869034.png,73448490000.0,galface_1869034.png,RefL0050N0752galface_1869034.png
329,2.220446e-16,http://virgodb.cosma.dur.ac.uk/eagle-webstorage/RefL0050N0752_Subhalo/galface_2155221.png,75917300000.0,galface_2155221.png,RefL0050N0752galface_2155221.png
330,2.220446e-16,http://virgodb.cosma.dur.ac.uk/eagle-webstorage/RefL0050N0752_Subhalo/galface_2227321.png,75144360000.0,galface_2227321.png,RefL0050N0752galface_2227321.png
331,2.220446e-16,http://virgodb.cosma.dur.ac.uk/eagle-webstorage/RefL0050N0752_Subhalo/galface_2149797.png,72703164000.0,galface_2149797.png,RefL0050N0752galface_2149797.png
332,2.220446e-16,http://virgodb.cosma.dur.ac.uk/eagle-webstorage/RefL0050N0752_Subhalo/galface_2238017.png,68124330000.0,galface_2238017.png,RefL0050N0752galface_2238017.png
333,2.220446e-16,http://virgodb.cosma.dur.ac.uk/eagle-webstorage/RefL0050N0752_Subhalo/galface_1100437.png,67251687000.0,galface_1100437.png,RefL0050N0752galface_1100437.png
334,2.220446e-16,http://virgodb.cosma.dur.ac.uk/eagle-webstorage/RefL0050N0752_Subhalo/galface_2160735.png,83819364000.0,galface_2160735.png,RefL0050N0752galface_2160735.png
335,2.220446e-16,http://virgodb.cosma.dur.ac.uk/eagle-webstorage/RefL0050N0752_Subhalo/galface_1998282.png,88869626000.0,galface_1998282.png,RefL0050N0752galface_1998282.png
336,2.220446e-16,http://virgodb.cosma.dur.ac.uk/eagle-webstorage/RefL0050N0752_Subhalo/galface_2181229.png,83038520000.0,galface_2181229.png,RefL0050N0752galface_2181229.png
337,2.220446e-16,http://virgodb.cosma.dur.ac.uk/eagle-webstorage/RefL0050N0752_Subhalo/galface_2014657.png,85778130000.0,galface_2014657.png,RefL0050N0752galface_2014657.png
338,2.220446e-16,http://virgodb.cosma.dur.ac.uk/eagle-webstorage/RefL0050N0752_Subhalo/galface_1857012.png,92533060000.0,galface_1857012.png,RefL0050N0752galface_1857012.png
339,2.220446e-16,http://virgodb.cosma.dur.ac.uk/eagle-webstorage/RefL0050N0752_Subhalo/galface_1806294.png,80708200000.0,galface_1806294.png,RefL0050N0752galface_1806294.png
340,2.220446e-16,http://virgodb.cosma.dur.ac.uk/eagle-webstorage/RefL0050N0752_Subhalo/galface_1832356.png,93354480000.0,galface_1832356.png,RefL0050N0752galface_1832356.png
341,2.220446e-16,http://virgodb.cosma.dur.ac.uk/eagle-webstorage/RefL0050N0752_Subhalo/galface_2077861.png,92445200000.0,galface_2077861.png,RefL0050N0752galface_2077861.png
342,2.220446e-16,http://virgodb.cosma.dur.ac.uk/eagle-webstorage/RefL0050N0752_Subhalo/galface_1810594.png,93068580000.0,galface_1810594.png,RefL0050N0752galface_1810594.png
343,2.220446e-16,http://virgodb.cosma.dur.ac.uk/eagle-webstorage/RefL0050N0752_Subhalo/galface_1106976.png,99166570000.0,galface_1106976.png,RefL0050N0752galface_1106976.png
